{"cameraMode":{"drawMode":0,"name":"Shaded","section":"Shading Mode"},"sceneLighting":true,"audioPlay":false,"sceneViewState":{"showFog":true,"showMaterialUpdate":true,"showSkybox":true,"showFlares":true,"showImageEffects":true,"showParticleSystems":true},"in2DMode":false,"pivot":{"x":5.284823894500732,"y":2.9920506477355959,"z":-2.398928642272949},"rotation":{"x":-0.18420134484767915,"y":0.08717469871044159,"z":-0.016422612592577935,"w":-0.9788923859596252},"size":8.264726638793946,"orthographic":false}