{"cameraMode":{"drawMode":0,"name":"Shaded","section":"Shading Mode"},"sceneLighting":true,"audioPlay":false,"sceneViewState":{"showFog":true,"showMaterialUpdate":true,"showSkybox":true,"showFlares":true,"showImageEffects":true,"showParticleSystems":true},"in2DMode":false,"pivot":{"x":0.6688411235809326,"y":0.9046111106872559,"z":-2.0110626220703127},"rotation":{"x":-0.1591201275587082,"y":0.0913873091340065,"z":-0.015008260495960713,"w":-0.9830079674720764},"size":22.843107223510743,"orthographic":false}