{"cameraMode":{"drawMode":0,"name":"Shaded","section":"Shading Mode"},"sceneLighting":true,"audioPlay":false,"sceneViewState":{"showFog":true,"showMaterialUpdate":true,"showSkybox":true,"showFlares":true,"showImageEffects":true,"showParticleSystems":true},"in2DMode":false,"pivot":{"x":4.319639205932617,"y":2.8482611179351808,"z":-4.1247992515563969},"rotation":{"x":0.2627464532852173,"y":-0.16599848866462708,"z":0.045942142605781558,"w":0.949370801448822},"size":5.526350021362305,"orthographic":false}