{"cameraMode":{"drawMode":0,"name":"Shaded","section":"Shading Mode"},"sceneLighting":true,"audioPlay":false,"sceneViewState":{"showFog":true,"showMaterialUpdate":true,"showSkybox":true,"showFlares":true,"showImageEffects":true,"showParticleSystems":true},"in2DMode":false,"pivot":{"x":1.3363713026046754,"y":2.242427349090576,"z":-1.4843521118164063},"rotation":{"x":0.3066859245300293,"y":-0.16199027001857758,"z":0.05320265516638756,"w":0.936501145362854},"size":6.932161331176758,"orthographic":false}