{"cameraMode":{"drawMode":0,"name":"Shaded","section":"Shading Mode"},"sceneLighting":true,"audioPlay":false,"sceneViewState":{"showFog":true,"showMaterialUpdate":true,"showSkybox":true,"showFlares":true,"showImageEffects":true,"showParticleSystems":true},"in2DMode":false,"pivot":{"x":5.065094470977783,"y":2.782107353210449,"z":-4.0755462646484379},"rotation":{"x":-0.21240395307540894,"y":0.13058245182037354,"z":-0.02867538295686245,"w":-0.9680277109146118},"size":5.558973789215088,"orthographic":false}