{"cameraMode":{"drawMode":0,"name":"Shaded","section":"Shading Mode"},"sceneLighting":true,"audioPlay":false,"sceneViewState":{"showFog":true,"showMaterialUpdate":true,"showSkybox":true,"showFlares":true,"showImageEffects":true,"showParticleSystems":true},"in2DMode":false,"pivot":{"x":0.3781827688217163,"y":1.0991520881652833,"z":0.2708883285522461},"rotation":{"x":-0.19819466769695283,"y":0.004112921189516783,"z":-0.001030060462653637,"w":-0.980251669883728},"size":8.915386199951172,"orthographic":false}