{"cameraMode":{"drawMode":0,"name":"Shaded","section":"Shading Mode"},"sceneLighting":true,"audioPlay":false,"sceneViewState":{"showFog":true,"showMaterialUpdate":true,"showSkybox":true,"showFlares":true,"showImageEffects":true,"showParticleSystems":true},"in2DMode":false,"pivot":{"x":6.359240531921387,"y":4.310441970825195,"z":-5.367259979248047},"rotation":{"x":-0.13739420473575593,"y":0.04932442680001259,"z":-0.006881583482027054,"w":-0.9892893433570862},"size":4.970442771911621,"orthographic":false}