{"cameraMode":{"drawMode":0,"name":"Shaded","section":"Shading Mode"},"sceneLighting":true,"audioPlay":false,"sceneViewState":{"showFog":true,"showMaterialUpdate":true,"showSkybox":true,"showFlares":true,"showImageEffects":true,"showParticleSystems":true},"in2DMode":false,"pivot":{"x":689.0206298828125,"y":349.0897216796875,"z":44.84100341796875},"rotation":{"x":0.1883365511894226,"y":-0.10144668072462082,"z":0.019562849774956704,"w":0.976656436920166},"size":949.0303344726563,"orthographic":false}