{"cameraMode":{"drawMode":0,"name":"Shaded","section":"Shading Mode"},"sceneLighting":true,"audioPlay":false,"sceneViewState":{"showFog":true,"showMaterialUpdate":true,"showSkybox":true,"showFlares":true,"showImageEffects":true,"showParticleSystems":true},"in2DMode":false,"pivot":{"x":622.6954345703125,"y":338.9559326171875,"z":14.35015869140625},"rotation":{"x":-0.1847766786813736,"y":0.040975846350193027,"z":-0.007875099778175354,"w":-0.9819836616516113},"size":846.1073608398438,"orthographic":false}