{"cameraMode":{"drawMode":0,"name":"Shaded","section":"Shading Mode"},"sceneLighting":true,"audioPlay":false,"sceneViewState":{"showFog":true,"showMaterialUpdate":true,"showSkybox":true,"showFlares":true,"showImageEffects":true,"showParticleSystems":true},"in2DMode":false,"pivot":{"x":0.23105716705322267,"y":1.1339588165283204,"z":0.906407356262207},"rotation":{"x":-0.11847497522830963,"y":0.03037671558558941,"z":-0.003626145189628005,"w":-0.9924870133399963},"size":9.775374412536621,"orthographic":false}