{"cameraMode":{"drawMode":0,"name":"Shaded","section":"Shading Mode"},"sceneLighting":true,"audioPlay":false,"sceneViewState":{"showFog":true,"showMaterialUpdate":true,"showSkybox":true,"showFlares":true,"showImageEffects":true,"showParticleSystems":true},"in2DMode":false,"pivot":{"x":0.24107110500335694,"y":-0.3078042268753052,"z":2.962402820587158},"rotation":{"x":-0.0886288732290268,"y":0.03793809562921524,"z":-0.003378035267814994,"w":-0.9953375458717346},"size":8.016495704650879,"orthographic":false}