{"cameraMode":{"drawMode":0,"name":"Shaded","section":"Shading Mode"},"sceneLighting":true,"audioPlay":false,"sceneViewState":{"showFog":true,"showMaterialUpdate":true,"showSkybox":true,"showFlares":true,"showImageEffects":true,"showParticleSystems":true},"in2DMode":false,"pivot":{"x":4.025500297546387,"y":3.0869698524475099,"z":-2.9257516860961916},"rotation":{"x":0.28699418902397158,"y":-0.20875556766986848,"z":0.0642559677362442,"w":0.9327493906021118},"size":6.352619647979736,"orthographic":false}