{"cameraMode":{"drawMode":0,"name":"Shaded","section":"Shading Mode"},"sceneLighting":true,"audioPlay":false,"sceneViewState":{"showFog":true,"showMaterialUpdate":true,"showSkybox":true,"showFlares":true,"showImageEffects":true,"showParticleSystems":true},"in2DMode":false,"pivot":{"x":0.04629325866699219,"y":-0.1009364128112793,"z":2.9575271606445314},"rotation":{"x":-0.18930652737617494,"y":-0.025331182405352594,"z":0.004715563263744116,"w":-0.9816692471504211},"size":11.657316207885743,"orthographic":false}